{
    "test_loss": 0.27697059512138367,
    "test_accuracy": 0.8942307829856873,
    "test_precision": 0.9009901285171509,
    "test_recall": 0.9333333373069763
}