{
    "test_loss": 0.2966192662715912,
    "test_accuracy": 0.8862179517745972,
    "test_precision": 0.9142857193946838,
    "test_recall": 0.9025641083717346
}