{
    "test_loss": 0.2647133469581604,
    "test_accuracy": 0.9038461446762085,
    "test_precision": 0.9342105388641357,
    "test_recall": 0.9102563858032227
}